{
  "Leer Archivo" : {
    "transaction" : "Leer Archivo",
    "sampleCount" : 3376,
    "errorCount" : 1015,
    "errorPct" : 30.065166,
    "meanResTime" : 16458.447571090044,
    "medianResTime" : 22275.5,
    "minResTime" : 5.0,
    "maxResTime" : 31030.0,
    "pct1ResTime" : 31004.0,
    "pct2ResTime" : 31005.0,
    "pct3ResTime" : 31007.0,
    "throughput" : 3.630533040969318,
    "receivedKBytesPerSec" : 39156.321339426475,
    "sentKBytesPerSec" : 1.3263871871138662
  },
  "Total" : {
    "transaction" : "Total",
    "sampleCount" : 6791,
    "errorCount" : 1218,
    "errorPct" : 17.935503,
    "meanResTime" : 15097.277131497562,
    "medianResTime" : 19979.0,
    "minResTime" : 5.0,
    "maxResTime" : 31030.0,
    "pct1ResTime" : 30004.0,
    "pct2ResTime" : 31004.0,
    "pct3ResTime" : 31006.0,
    "throughput" : 7.3020955756246995,
    "receivedKBytesPerSec" : 39153.045099307725,
    "sentKBytesPerSec" : 2.1796784442885917
  },
  "Login" : {
    "transaction" : "Login",
    "sampleCount" : 3415,
    "errorCount" : 203,
    "errorPct" : 5.944363,
    "meanResTime" : 13751.651537335281,
    "medianResTime" : 18926.0,
    "minResTime" : 10.0,
    "maxResTime" : 30012.0,
    "pct1ResTime" : 28895.2,
    "pct2ResTime" : 29995.0,
    "pct3ResTime" : 30005.0,
    "throughput" : 3.673642822949779,
    "receivedKBytesPerSec" : 1.6084499499782163,
    "sentKBytesPerSec" : 0.8538349529902807
  }
}