{
  "Cargar Tareas" : {
    "transaction" : "Cargar Tareas",
    "sampleCount" : 4142,
    "errorCount" : 1867,
    "errorPct" : 45.074844,
    "meanResTime" : 18104.225012071398,
    "medianResTime" : 8288.0,
    "minResTime" : 61.0,
    "maxResTime" : 74007.0,
    "pct1ResTime" : 39268.7,
    "pct2ResTime" : 41004.55,
    "pct3ResTime" : 44116.78999999996,
    "throughput" : 4.4305909736603395,
    "receivedKBytesPerSec" : 1.1232426337547494,
    "sentKBytesPerSec" : 68329.78813149058
  },
  "Total" : {
    "transaction" : "Total",
    "sampleCount" : 8303,
    "errorCount" : 1910,
    "errorPct" : 23.003733,
    "meanResTime" : 12397.266048416272,
    "medianResTime" : 628.0,
    "minResTime" : 8.0,
    "maxResTime" : 74007.0,
    "pct1ResTime" : 37222.0,
    "pct2ResTime" : 39267.0,
    "pct3ResTime" : 42846.519999999946,
    "throughput" : 8.880118929209313,
    "receivedKBytesPerSec" : 3.1384450851461483,
    "sentKBytesPerSec" : 68320.15289588313
  },
  "Login" : {
    "transaction" : "Login",
    "sampleCount" : 4161,
    "errorCount" : 43,
    "errorPct" : 1.0334054,
    "meanResTime" : 6716.3662581110075,
    "medianResTime" : 15.0,
    "minResTime" : 8.0,
    "maxResTime" : 30009.0,
    "pct1ResTime" : 28442.8,
    "pct2ResTime" : 29078.299999999996,
    "pct3ResTime" : 29979.38,
    "throughput" : 4.494641751884109,
    "receivedKBytesPerSec" : 2.035495288241451,
    "sentKBytesPerSec" : 1.0446530634261895
  }
}